{
  "version": 1,
  "author": "Anonymous maker",
  "editor": "wokwi",
  "parts": [
    { "type": "wokwi-arduino-uno", "id": "uno", "top": 47.33, "left": 10, "attrs": {} },
    {
      "type": "wokwi-led",
      "id": "led1",
      "top": -57.34,
      "left": 197.94,
      "attrs": { "color": "red" }
    },
    { "type": "wokwi-hc-sr04", "id": "ultrasonic1", "top": -41.83, "left": -236.37, "attrs": {} },
    {
      "type": "wokwi-buzzer",
      "id": "bz1",
      "top": -92.93,
      "left": 94.6,
      "attrs": { "volume": "0.1" }
    }
  ],
  "connections": [
    [ "ultrasonic1:VCC", "uno:5V", "red", [ "v249.33", "h-10.6" ] ],
    [ "ultrasonic1:GND", "uno:GND.2", "black", [ "v234", "h31.4" ] ],
    [
      "ultrasonic1:TRIG",
      "uno:13",
      "green",
      [ "v164", "h126.74", "v-187.33", "h165.33", "v0.67" ]
    ],
    [ "ultrasonic1:ECHO", "uno:13", "green", [ "v141.33", "h102.07", "v-182", "h25.33" ] ],
    [ "bz1:1", "uno:GND.1", "black", [ "v30.93", "h2.73" ] ],
    [ "led1:C", "uno:GND.1", "black", [ "v21.34", "h-91.27", "v16.67", "h3.33", "v-0.67" ] ],
    [ "bz1:2", "uno:10", "green", [ "v26.26", "h38.73" ] ],
    [ "led1:A", "uno:2", "green", [ "v51.34", "h28.06", "v15.33", "h-6", "v9.33" ] ]
  ],
  "dependencies": {}
}